,Terakhir,Pembukaan,Close IDR,Consumer Confidence,Emas USD,BI Rate
count,1241.0,1241.0,1241.0,1241.0,1241.0,1241.0
mean,936.7356083803384,937.2856889605162,14296.408617047537,107.47880741337573,1566.8121676067674,4.504834810636583
std,141.82975478335936,142.1965974260464,594.9538831727259,25.73169177886296,257.0618952488421,0.8629217020213851
min,576.13,573.42,13197.0,2.5,1133.6,3.5
25%,824.46,823.95,13976.613281,104.4,1297.2,3.5
50%,945.1,946.21,14276.0,115.9,1587.9,4.25
75%,1035.98,1039.07,14584.200195,126.4,1800.1,5.25
max,1242.19,1244.28,16504.800781,128.2,2069.4,6.0
